{
  "accuracy": 57.99999999999999,
  "macro_precision": 0.375,
  "macro_recall": 0.36764705882352944,
  "macro_f1": 0.32666666666666666,
  "weighted_precision": 0.55,
  "weighted_recall": 0.58,
  "weighted_f1": 0.4976,
  "per_class": {
    "approval": {
      "precision": 0.5,
      "recall": 1.0,
      "f1": 0.6666666666666666,
      "support": 21,
      "tp": 21,
      "fp": 21,
      "fn": 0
    },
    "denial": {
      "precision": 1.0,
      "recall": 0.47058823529411764,
      "f1": 0.6399999999999999,
      "support": 17,
      "tp": 8,
      "fp": 0,
      "fn": 9
    },
    "conditional": {
      "precision": 0,
      "recall": 0.0,
      "f1": 0,
      "support": 12,
      "tp": 0,
      "fp": 0,
      "fn": 12
    },
    "unknown": {
      "precision": 0,
      "recall": 0,
      "f1": 0,
      "support": 0,
      "tp": 0,
      "fp": 0,
      "fn": 0
    }
  }
}